contractid|providerid|priority|vodtype
1029|tsn.com|TVOD|SVOD
1033|DXD|P2|SVOD
1062|www.vmmi.ca|TVOD|TVOD
1073|BELLTV|TVOD|TVOD
1074|OWN|P2|SVOD
1074|OWN|P2|SVOD
1096|DJE|P2|SVOD
1100|hollywoodsuite.ca|P2|SVOD
1124|www.foxmovies.com|TVOD|TVOD
1133|ABCSPRK|P2|SVOD
1136|astral.com|P3|SVOD
1139|www.foxmovies.com|TVOD|TVOD
1140|amctv.com|P1|SVOD
1148|tva.ca|P1|SVOD
1149|tva.ca|P1|SVOD
1150|tva.ca|P1|SVOD
1151|tva.ca|P1|SVOD
1152|tva.ca|P1|SVOD
1153|foodnetwork.ca|P3|SVOD
1154|HGTV.ca|P2|SVOD
1155|history.ca|P2|SVOD
1156|natgeotv.ca|P2|SVOD
1159|tlc.com|P2|SVOD
1160|americanheroes.com|P3|SVOD
1166|evasion.tv|P3|SVOD
1175|www.cartouche.ca|TVOD|TVOD
1178|www.niagara.ca|TVOD|TVOD
1180|aetv.com|P2|SVOD
1182|toone.ca|P2|SVOD
1183|tooneFR.ca|P2|SVOD
1184|cartoon.ca|P2|SVOD
1185|tooneFR_jr.ca|P2|SVOD
1186|MPIX|P2|SVOD
1193|Show.com|P2|SVOD
1194|slice.ca|P2|SVOD
1195|OneSpec_Test.com|TEST|SVOD
1197|astral.com|P3|SVOD
1203|Vnetwork|P1|SVOD
1206|astral.com|P3|SVOD
1207|astral.com|P3|SVOD
1208|astral.com|P3|SVOD
1209|astral.com|P3|SVOD
1210|astral.com|P3|SVOD
1211|astral.com|P3|SVOD
1213|test.ca|TVOD|TVOD
1214|astral.com|P3|SVOD
1215|zeste.tv|P2|SVOD
1217|AdultSwim.ca|P2|SVOD
1225|ARTV|P2|SVOD
1226|RDI|P3|SVOD
1233|cbc.ca|P1|SVOD
1234|cbc.ca|P1|SVOD
1235|cbc.ca|P1|SVOD
1245|lifetime.com|P3|SVOD
1246|h2.com|P3|SVOD
1248|www.adamandeve.com|TVOD|TVOD
1249|tfo.org|P3|SVOD
1250|Explora.com|P3|SVOD
1254|SUP|P1|SVOD
1258|YTV|P2|SVOD
1259|TREE|P2|SVOD
1261|www.vivid.com|TVOD|TVOD
1263|www.lionsgate.com|TVOD|TVOD
1265|www.lionsgate.com|TVOD|TVOD
1268|www.vvs.ca|TVOD|TVOD
1277|www.phase4.com|TVOD|TVOD
1280|tmn.ca|P1|SVOD
1283|www.plaidbagmedia.com|TVOD|TVOD
1286|www.tvafilms.com|TVOD|TVOD
1295|AllianceFR_VOD|TVOD|TVOD
1305|www.venus.ca|TVOD|TVOD
1310|bravo.com|P2|SVOD
1311|tvasports.ca|P3|SVOD
1315|karaoke.com|P3|SVOD
1316|fibetv1.ca|P1|SVOD
1317|aetv.com|P2|SVOD
1318|www.gravitas.com|TVOD|TVOD
1320|WILDTV|P3|SVOD
1321|astral.com|P3|SVOD
1323|astral.com|P3|SVOD
1324|astral.com|P3|SVOD
1325|astral.com|P3|SVOD
1326|astral.com|P3|SVOD
1327|astral.com|P3|SVOD
1328|astral.com|P3|SVOD
1329|astral.com|P3|SVOD
1330|astral.com|P3|SVOD
1334|www.manwin.com|TVOD|TVOD
1335|wnetwork.com|P2|SVOD
1336|nick.com|P2|SVOD
1340|24CH.com|#N/A|SVOD
1341|24CH.com|#N/A|SVOD
1346|TVA_DTVMezz|TVOD|TVOD
1350|www.bellmedia.ca|TVOD|TVOD
1351|encoreave.com|#N/A|SVOD
1359|www.stingray.com|TVOD|TVOD
1360|CP24.ca|P3|SVOD
1361|ctvnews.ca|P3|SVOD
1362|BNN.ca|#N/A|SVOD
1363|RDS.ca|P3|SVOD
1364|kidssuite.com|P2|SVOD
1365|clubjunior.com|#N/A|SVOD
1367|astral.com|P3|SVOD
1368|astral.com|P3|SVOD
1369|24CH_ENVOD.com|#N/A|SVOD
1370|24CH_FRVOD.com|#N/A|SVOD
1371|gusto.com|P3|SVOD
1372|encoreave.com|#N/A|SVOD
1388|CTV7030.ca|TVOD|TVOD
1392|www.level.com|TVOD|TVOD
1397|www.funfilm.ca|TVOD|TVOD
1404|travelandescape.ca|P3|SVOD
1405|cottagelife.com|P3|SVOD
1422|channelzero.com|#N/A|SVOD
1427|www.datatech.com|TVOD|TVOD
1431|www.kinosmith.com|TVOD|TVOD
1432|www.kinosmith.com|TVOD|TVOD
1439|warnerbros.com|TVOD|TVOD
1441|www.atlas.ca|TVOD|TVOD
1442|www.sony.com|TVOD|TVOD
1443|www.sony.com|TVOD|TVOD
1444|natgeowild.ca|P3|SVOD
1445|chch.com|P3|SVOD
1458|warnerbros.com|TVOD|TVOD
1459|www.foxmovies.com|TVOD|TVOD
1462|bellpresents_en.com|#N/A|SVOD
1463|bellpresents_fr.com|#N/A|SVOD
1468|www.foxseries.com|TVOD|TVOD
1469|www.foxseriesfrench.com|TVOD|TVOD
1470|www.elevation.com|TVOD|TVOD
1472|www.elevation.com|TVOD|TVOD
1476|www.disney.com|TVOD|TVOD
1480|worldfishingnetwork.com|P3|SVOD
1481|lovenature.com|P3|SVOD
1482|visiontv.com|#N/A|SVOD
1483|musiqueplus.com|P3|SVOD
1484|musimax.com|#N/A|SVOD
1485|Seriesplus|P2|SVOD
1486|Historia|P3|SVOD
1487|cbc.ca|P1|SVOD
1488|CTV|P1|SVOD
1489|Global|P1|SVOD
1490|CITYVOD|P1|SVOD
1492|BellLocal.ca|#N/A|SVOD
1493|www.src.ca|P1|SVOD
1495|BAL|#N/A|SVOD
1498|www.paramountondemand.com|TVOD|TVOD
1503|nfl.com|P3|SVOD
1504|spiketv.com|#N/A|SVOD
1505|bet.com|P2|SVOD
1509|telequebec.ca|P1|SVOD
1510|www.dummy.ca|TVOD|TVOD
1516|telequebec_clubjunior.ca|#N/A|SVOD
1517|raptors.ca|#N/A|SVOD
1518|smithsonianchannel.ca|P3|SVOD
1521|crave.ca|P1|SVOD
1526|thecomedynetwork.ca|P2|SVOD
1528|telemag.tv|P2|SVOD
1530|tvo.org|#N/A|SVOD
1533|www.remstar.ca|TVOD|TVOD
1535|nba.com|#N/A|SVOD
1536|comedytime.tv|#N/A|SVOD
1539|CTV|P1|SVOD
1540|sony.ca|TVOD|TVOD
1542|fxcanada.ca|P2|SVOD
1543|fxx.com|P2|SVOD
1562|omnitv.ca|P3|SVOD
1563|TV5.ca|P3|SVOD
1565|DJE|P2|SVOD
1566|DJE|P2|SVOD
1567|familyjr|P2|SVOD
1568|DXD|P2|SVOD
1569|kidssuite.com|P2|SVOD
1571|mgm.com|TVOD|TVOD
1574|amctv.com|P1|SVOD
1576|kidssuite.com|P2|SVOD
1577|bbc.com|P2|SVOD
1578|www.bbckids.ca|P2|SVOD
1579|www.fitfusion.com|TVOD|TVOD
1580|nbcuni.com|TVOD|TVOD
1581|nbcuni.com|TVOD|TVOD
1586|www.juice.ca|TVOD|TVOD
1592|www.bell.ca|TVOD|TVOD
1593|protocolent.com|#N/A|SVOD
1604|www.raven.ca|TVOD|TVOD
1605|www.raven.ca|TVOD|TVOD
1612|www.hustler.com|TVOD|TVOD
1614|zt.com|TVOD|TVOD
1625|panam_english.com|#N/A|SVOD
1626|panam_french.com|#N/A|SVOD
1640|animalplanet.ca|P2|SVOD
1641|discovery.ca|P2|SVOD
1642|sciencechannel.ca|P2|SVOD
1643|discoveryvelocity.ca|P2|SVOD
1644|investigationdiscovery.ca|P2|SVOD
1646|diy.ca|P3|SVOD
1650|allianceatlantis.ca|TVOD|TVOD
1651|freepreviewms.com|#N/A|SVOD
1652|freepreviewtv.com|TVOD|TVOD
1659|disney.com|P2|SVOD
1660|disneyfr.com|P2|SVOD
1661|fibetv1.ca|P1|SVOD
1662|tv1fibe.ca|P1|SVOD
1665|tmn.ca|P1|SVOD
1667|tva.ca|P1|SVOD
1668|familyjr|P2|SVOD
1669|telemagino|P3|SVOD
1670|chrgd|P2|SVOD
1671|nflsundayticket.com|P3|SVOD
1672|nflredzone.com|P3|SVOD
1673|MPIX|P2|SVOD
1674|teletoonplus|P2|SVOD
1675|nelvanafr|0|SVOD
1685|wwe.com|P3|SVOD
1691|www.niagara.ca|TVOD|TVOD
1695|tsnOG.com|P3|SVOD
1701|www.lesfilmsdu.ca|TVOD|TVOD
1712|www.orchard.com|TVOD|TVOD
1713|www.sevillepictures.com|TVOD|TVOD
1723|viceland|P3|SVOD
1724|KaraokeFR.com|P3|SVOD
1727|ambiance.com|0|TVOD
1728|ambiance_fr.com|#N/A|SVOD
1729|www.disney.com|TVOD|TVOD
1730|fyi.ca|P3|SVOD
1732|UNIS|P3|SVOD
1734|www.juice.ca|TVOD|TVOD
1738|igametv.com|#N/A|SVOD
1742|antenna3.com|#N/A|SVOD
1744|outtv.com|P3|SVOD
1745|frontlinemedia.com|TVOD|TVOD
1746|frontlinemedia.com|TVOD|TVOD
1751|www.bell.ca|TVOD|TVOD
1752|www.bell.ca|TVOD|TVOD
1754|sel.com|TVOD|TVOD
1756|www.vmmi.ca|TVOD|TVOD
1758|www.gamma.ca|TVOD|TVOD
1760|tenbroadcasting.com|TVOD|TVOD
1762|www.sevillepictures.com|TVOD|TVOD
1764|www.iyep.ca|TVOD|TVOD
1783|milehigh.com|TVOD|TVOD
1784|milehigh.com|TVOD|TVOD
1785|www.manwin.com|TVOD|TVOD
1786|pixcast.com|TVOD|TVOD
1787|pixcast.com|TVOD|TVOD
1788|zt.com|TVOD|TVOD
1789|www.sunrise.com|TVOD|TVOD
1790|ad4distribution.com|TVOD|TVOD
1791|titanmen.com|TVOD|TVOD
1792|www.vivid.com|TVOD|TVOD
1793|www.datatech.com|TVOD|TVOD
1794|www.hustler.com|TVOD|TVOD
1795|www.mrgentertainment.visualnet.com|TVOD|TVOD
1796|www.mantraent.com|TVOD|TVOD
1797|www.fantasyone.com|TVOD|TVOD
1798|www.vanessa.ca|TVOD|TVOD
1799|www.vanessa.ca|TVOD|TVOD
1800|www.venus.ca|TVOD|TVOD
1801|www.vvs.ca|TVOD|TVOD
1803|www.sevillepictures.com|TVOD|TVOD
1804|www.sevillepictures.com|TVOD|TVOD
1805|www.sevillepictures.com|TVOD|TVOD
1806|www.sevillepictures.com|TVOD|TVOD
1807|www.sevillepictures.com|TVOD|TVOD
1808|www.searchenginefilms.ca|TVOD|TVOD
1814|fairchild.com|P3|TVOD
1815|warnerbros.com|TVOD|TVOD
1816|nbcuni.com|TVOD|TVOD
1817|warnerbros.com|TVOD|TVOD
1821|www.sony.com|TVOD|TVOD
1822|www.sony.com|TVOD|TVOD
1825|www.foxseriesfrench.com|TVOD|TVOD
1826|www.foxseriesfrench.com|TVOD|TVOD
1827|www.paramountondemand.com|TVOD|TVOD
1828|www.paramountondemand.com|TVOD|TVOD
1829|www.elevation.com|TVOD|TVOD
1831|www.elevation.com|TVOD|TVOD
1832|www.vvs.ca|TVOD|TVOD
1834|www.vvs.ca|TVOD|TVOD
1835|www.orchard.com|TVOD|TVOD
1836|www.orchard.com|TVOD|TVOD
1837|www.dfilms.com|TVOD|TVOD
1838|www.mongrelmedia.com|TVOD|TVOD
1839|www.mongrelmedia.com|TVOD|TVOD
1840|warnerbros.com|TVOD|TVOD
1841|warnerbros.com|TVOD|TVOD
1842|warnerbros.com|TVOD|TVOD
1843|www.disney.com|TVOD|TVOD
1844|www.disney.com|TVOD|TVOD
1845|mgm.com|TVOD|TVOD
1846|mgm.com|TVOD|TVOD
1847|www.pnw.ca|TVOD|TVOD
1848|www.pnw.ca|TVOD|TVOD
1850|www.tvafilms.com|TVOD|TVOD
1851|www.tvafilms.com|TVOD|TVOD
1853|www.niagara.ca|TVOD|TVOD
1856|www.funfilm.ca|TVOD|TVOD
1857|www.funfilm.ca|TVOD|TVOD
1858|www.kfilmsamerique.com|TVOD|TVOD
1861|www.level.com|TVOD|TVOD
1862|www.remstar.ca|TVOD|TVOD
1866|loop_TREE|#N/A|SVOD
1867|loop_YTV|#N/A|SVOD
1867|loop_YTV|#N/A|SVOD
1869|loop_comedytime.tv|#N/A|SVOD
1870|nbcuni.com|TVOD|TVOD
1871|www.raven.ca|TVOD|TVOD
1872|www.videoservicescorp.com|TVOD|TVOD
1873|planetepluscanada.com|P3|SVOD
1874|www.sony.com|TVOD|TVOD
1876|www.lionsgate.com|TVOD|TVOD
1880|www.ufc.com|TVOD|TVOD
1882|space.com|P2|SVOD
1883|much.com|P2|SVOD
1884|mtv.com|P2|SVOD
1885|gusto.com|P3|SVOD
1886|www.lionsgate.com|TVOD|TVOD
1887|mezzo.com|P3|SVOD
1904|max.com|P3|SVOD
1905|www.factoryfilms.ca|TVOD|TVOD
1907|warnerbros.com|TVOD|TVOD
1908|warnerbros.com|TVOD|TVOD
1912|www.visionfilms.com|TVOD|TVOD
1914|www.visionfilms.com|TVOD|TVOD
1919|nbcuni.com|TVOD|TVOD
1922|warnerbros.com|TVOD|TVOD
1925|nbcuni.com|TVOD|TVOD
1926|nbcuni.com|TVOD|TVOD
1936|www.indiecan.ca|TVOD|TVOD
1938|www.sony.com|TVOD|TVOD
1948|egalaxy.ca|TVOD|TVOD
1949|TCM.com|P2|SVOD
1950|cnn.com|P3|SVOD
1951|www.juice.ca|TVOD|TVOD
1953|headlinenews.com|P3|SVOD
1956|mgm.com|TVOD|TVOD
1960|SRCTVOD|TVOD|TVOD
1965|www.elevation.com|TVOD|TVOD
1967|tfo_clubjunior.org|#N/A|SVOD
1970|GMAOnDemand.com|P3|TVOD
1971|detour.com|P3|SVOD
1972|www.axiafilms.ca|#N/A|SVOD
1996|bbcearth.com|P2|SVOD
1998|www.syndicado.com|TVOD|TVOD
1999|www.entract.ca|TVOD|TVOD
2000|www.entract.ca|TVOD|TVOD
2004|www.mongrelmedia.com|TVOD|TVOD
2006|www.zuffa.com|TVOD|TVOD
2010|www.dfilms.com|TVOD|TVOD
2011|fairchild2.com|TVOD|TVOD
2012|talentvision.com|P3|TVOD
2013|www.paramountondemand.com|TVOD|TVOD
2014|www.paramountondemand.com|TVOD|TVOD
2015|www.sony.com|TVOD|TVOD
2016|nbcuni.com|TVOD|TVOD
2017|nbcuni.com|TVOD|TVOD
2018|nbcuni.com|TVOD|TVOD
2019|nbcuni.com|TVOD|TVOD
2020|fightnetwork.com|P3|SVOD
2021|fightnetwork4k.com|#N/A|SVOD
2023|www.hotbody.com|TVOD|TVOD
2026|www.kinosmith.com|TVOD|TVOD
2027|www.kinosmith.com|TVOD|TVOD
2030|www.hotbody.com|TVOD|TVOD
2031|www.tvafilms.com|TVOD|TVOD
2033|warnerbros.com|TVOD|TVOD
2034|www.foxondemand.com|TVOD|TVOD
2037|www.disney.com|TVOD|TVOD
2038|www.marcom.ca|TVOD|TVOD
2042|warnerbros.com|TVOD|TVOD
2043|warnerbros.com|TVOD|TVOD
2044|www.orchard.com|TVOD|TVOD
2045|1plus1.com|#N/A|SVOD
2046|www.sony.com|TVOD|TVOD
2047|www.foxondemand.com|TVOD|TVOD
2048|www.sony.com|TVOD|TVOD
2051|brainpowerstudio.com|TVOD|TVOD
2052|brainpowerstudio.com|TVOD|TVOD
2056|www.vvs.ca|TVOD|TVOD
2057|www.sony.com|TVOD|TVOD
2058|www.sony.com|TVOD|TVOD
2059|www.disney.com|TVOD|TVOD
2060|www.sevillepictures.com|TVOD|TVOD
2062|www.sevillepictures.com|TVOD|TVOD
2072|www.elevation.com|TVOD|TVOD
2073|nbcuni.com|TVOD|TVOD
2074|warnerbros.com|TVOD|TVOD
2076|freepreviewtvfr.com|#N/A|SVOD
2077|warnerbros.com|TVOD|TVOD
2078|www.foxondemand.com|TVOD|TVOD
2079|warnerbros.com|TVOD|TVOD
2080|www.sony.com|TVOD|TVOD
2081|www.iyep.ca|TVOD|TVOD
2082|nbcuni.com|TVOD|TVOD
2083|nbcuni.com|TVOD|TVOD
2084|warnerbros.com|TVOD|TVOD
2085|warnerbros.com|TVOD|TVOD
2086|www.disney.com|TVOD|TVOD
2089|nbcuni.com|TVOD|TVOD
2090|paramountnetwork.com|P2|SVOD
2095|MK2MileEnd.com|TVOD|TVOD
2098|www.foxondemand.com|TVOD|TVOD
2099|www.foxondemand.com|TVOD|TVOD
2100|canalpluscanada.com|#N/A|SVOD
2101|www.foxondemand.com|TVOD|TVOD
2102|www.mongrelmedia.com|TVOD|TVOD
2103|warnerbros.com|TVOD|TVOD
2104|nbcuni.com|TVOD|TVOD
2105|www.lionsgate.com|TVOD|TVOD
2106|mgm.com|TVOD|TVOD
2107|nbcuni.com|TVOD|TVOD
2108|www.indiecan.ca|TVOD|TVOD
2111|www.vvs.ca|TVOD|TVOD
2112|www.vvs.ca|TVOD|TVOD
2113|www.vvs.ca|TVOD|TVOD
2116|mgm.com|TVOD|TVOD
2117|mgm.com|TVOD|TVOD
2118|www.foxondemand.com|TVOD|TVOD
2119|www.sevillepictures.com|TVOD|TVOD
2120|nbcuni.com|TVOD|TVOD
2121|nbcuni.com|TVOD|SVOD
2122|warnerbros.com|TVOD|TVOD
2123|dhxmobile.ca|#N/A|SVOD
505|bell.ca|TVOD|TVOD
511|astral.com|P3|SVOD
547|sel.com|TVOD|TVOD
549|ewl.com|TVOD|TVOD
551|pixcast.com|TVOD|TVOD
553|milehigh.com|TVOD|TVOD
570|nbcuni.com|TVOD|TVOD
584|mgm.com|TVOD|TVOD
592|warnerbros.com|TVOD|TVOD
594|mgm.com|TVOD|TVOD
596|sony.ca|TVOD|TVOD
665|www.mongrelmedia.com|TVOD|TVOD
681|www.sevillepictures.com|TVOD|TVOD
685|www.tvafilms.com|TVOD|TVOD
788|www.videoservicescorp.com|TVOD|TVOD
794|www.disney.com|TVOD|TVOD
799|www.allianceatlantis.ca|TVOD|TVOD
801|www.allianceatlantis.ca|TVOD|TVOD
802|allianceatlantis.ca|TVOD|TVOD
807|frontlinemedia.com|TVOD|TVOD
808|ad4distribution.com|TVOD|TVOD
816|www.alliancefilms.com|TVOD|TVOD
817|www.sony.com|TVOD|TVOD
818|nbcuni.com|TVOD|TVOD
822|www.disney.com|TVOD|TVOD
823|www.sevillepictures.com|TVOD|TVOD
824|tenbroadcasting.com|TVOD|TVOD
828|superchannel.ca|#N/A|SVOD
832|warnerbros.com|TVOD|TVOD
842|www.sevillepictures.com|TVOD|TVOD
844|www.tvafilms.com|TVOD|TVOD
851|www.paramountondemand.com|TVOD|TVOD
852|www.paramountondemand.com|TVOD|TVOD
854|www.kfilmsamerique.com|TVOD|TVOD
875|mgm.com|TVOD|TVOD
894|astral.com|P3|SVOD
898|stingray.com|P3|SVOD
902|corusent.com|#N/A|SVOD
903|stingray.com|P3|SVOD
904|corusent.com|#N/A|SVOD
905|astral.com|P3|SVOD
906|dhxmedia.ca|#N/A|SVOD
912|www.sunrise.com|TVOD|TVOD
913|SRCTVOD|TVOD|TVOD
917|bell.ca|TVOD|TVOD
962|dhxmedia.ca|#N/A|SVOD
965|www.bell.ca|TVOD|TVOD
977|www.ufc.com|TVOD|TVOD
1841|warnerbros.com|TVOD|TVOD
1818|nbcuni.com|TVOD|TVOD
1477|www.gravitas.com|TVOD|TVOD
2096|MK2MileEnd.com|TVOD|TVOD
2129|www.lionsgate.com|TVOD|TVOD
2131|www.lionsgate.com|TVOD|TVOD
1064|www.multi.com|TVOD|TVOD
2124|www.sevillepictures.com|TVOD|TVOD
2127|craveessential.com|P1|SVOD
2128|cravepremiere.com|P1|SVOD
1739|www.vanessa.ca|TVOD|TVOD
2130|Frissonstv.com|P3|SVOD
2132|mgm.com|TVOD|TVOD
2134|www.jpr.com|TVOD|TVOD
2125|www.level.com|TVOD|TVOD
2136|www.sony.com|TVOD|TVOD
2137|warnerbros.com|TVOD|TVOD
1969|www.hardknocksfighting.com|TVOD|TVOD
2139|AZFilm.com|TVOD|TVOD
2140|www.khullarTV.com|TVOD|TVOD
2032|www.iyep.ca|TVOD|TVOD
2144|www.iyep.ca|TVOD|TVOD
1204|CTVTV|TVOD|TVOD
617|NFLTV|TVOD|TVOD
998|www.paramountondemand.com|TVOD|TVOD
1294|www.vvs.ca|TVOD|TVOD
973|www.sony.com|TVOD|TVOD
1126|www.fox.com|TVOD|TVOD
1087|NHLCI|TVOD|TVOD
1475|www.elevation.com|TVOD|TVOD
950|warner.com|TVOD|TVOD
345|CTVTV|TVOD|TVOD
939|nbcuni.com|TVOD|TVOD
13|VUBCX|TVOD|TVOD
1092|COMM|TVOD|TVOD
937|www.disney.com|TVOD|TVOD
943|www.sevillepictures.com|TVOD|TVOD
1450|www.levelfilms.com|TVOD|TVOD
2115|www.lionsgate.com|TVOD|TVOD
923|EXP|TVOD|TVOD
1649|www.dfilms.com|TVOD|TVOD
613|SPT|TVOD|TVOD
1240|www.mgm.com|TVOD|TVOD
1602|www.orchard.com|TVOD|TVOD
1242|EXP|TVOD|TVOD
1104|www.mongrelmedia.com|TVOD|TVOD
1638|www.juice.ca|TVOD|TVOD
1098|ZUFFA|TVOD|TVOD
1532|www.remstar.ca|TVOD|TVOD
1313|www.tvafilms.ca|TVOD|TVOD
279|TOPRK|TVOD|TVOD
1975|www.axiafilms.ca|TVOD|TVOD
2097|www.videoservicescorp.ca|TVOD|TVOD